{"metadata":{"asset_id":"0a1d29bc-678b-4247-9530-119234c55358","asset_attributes":["data_asset"],"name":"aavail-customers.db","asset_type":"data_asset","created_at":"2019-08-26T14:29:43Z","description":"","origin_country":"us","owner_id":"IBMid-270007ESMR","project_id":"173eb1f0-cb37-40b9-beeb-240df309d049","sandbox_id":"173eb1f0-cb37-40b9-beeb-240df309d049","size":122880,"tags":[],"usage":{"last_update_time":1566829785585,"last_updated_at":"2019-08-26T14:29:45Z"}},"entity":{"data_asset":{"mime_type":"application/octet-stream","dataset":false}},"attachments":[{"id":"b0e2df6b-0ac5-4499-ad83-5853d828fe4b","version":2,"asset_type":"data_asset","name":"aavail-customers.db","mime":"application/octet-stream","object_key":"aavail-customers.db","create_time":1566829785584,"size":122880,"is_remote":false,"is_managed":false,"is_referenced":true,"is_object_key_read_only":true,"is_user_provided_path_key":true,"transfer_complete":true,"is_partitioned":false,"complete_time_ticks":1566829785584,"user_data":{},"test_doc":0,"handle":{"bucket":"aienterpriseworkflowmodule1casest-donotdelete-pr-qwt6qhnjsctfni","location":"us-geo","key":"aavail-customers.db","upload_id":"done","max_part_num":1},"usage":{"access_count":0,"last_accessor_id":"IBMid-270007ESMR","last_access_time":1566829785584}}]}
