{"metadata":{"asset_id":"9ff58e32-1ae8-4fda-832c-426f4d16a322","asset_attributes":["notebook"],"name":"m1-u6-case-study","asset_type":"notebook","created_at":"2019-08-26T14:34:30Z","description":"","origin_country":"us","owner_id":"IBMid-270007ESMR","project_id":"173eb1f0-cb37-40b9-beeb-240df309d049","sandbox_id":"173eb1f0-cb37-40b9-beeb-240df309d049","size":14631,"tags":["notebook","dsx"],"usage":{"last_update_time":1566831665097,"last_updated_at":"2019-08-26T15:01:05Z"}},"entity":{"notebook":{"originates_from":{"type":"file"},"kernel":{"name":"python3","display_name":"Python 3.6","language":"python"},"runtime":{"environment":"conda2py36-173eb1f0-cb37-40b9-beeb-240df309d049"}}},"attachments":[{"id":"67b0b4ef-b14e-4dc7-8e16-f77834d12a25","version":2,"asset_type":"notebook","name":"attachment for notebook 9ff58e32-1ae8-4fda-832c-426f4d16a322","description":"attachment for notebook 9ff58e32-1ae8-4fda-832c-426f4d16a322","mime":"application/json","object_key":"notebook/m1-u6-case-study_0xPTrPP-F.ipynb","create_time":1566830071084,"size":14631,"is_remote":false,"is_managed":false,"is_referenced":true,"is_object_key_read_only":false,"is_user_provided_path_key":true,"transfer_complete":true,"is_partitioned":false,"complete_time_ticks":1566830071084,"user_data":{},"test_doc":0,"handle":{"bucket":"aienterpriseworkflowmodule1casest-donotdelete-pr-qwt6qhnjsctfni","location":"us-geo","key":"notebook/m1-u6-case-study_0xPTrPP-F.ipynb","upload_id":"done","max_part_num":1},"usage":{"access_count":0,"last_accessor_id":"IBMid-270007ESMR","last_access_time":1566830071084}}]}
