{"metadata":{"asset_id":"b5244c71-01aa-4e32-9b03-b2d438dd5713","asset_attributes":["notebook"],"name":"m1-u6-case-study-solution","asset_type":"notebook","created_at":"2019-08-26T14:35:45Z","description":"","origin_country":"us","owner_id":"IBMid-270007ESMR","project_id":"173eb1f0-cb37-40b9-beeb-240df309d049","sandbox_id":"173eb1f0-cb37-40b9-beeb-240df309d049","size":14415,"tags":["notebook","dsx"],"usage":{"last_update_time":1566830192705,"last_updated_at":"2019-08-26T14:36:32Z"}},"entity":{"notebook":{"originates_from":{"type":"file"},"kernel":{"name":"python3","display_name":"Python 3.6","language":"python"},"runtime":{"environment":"conda2py36-173eb1f0-cb37-40b9-beeb-240df309d049"}}},"attachments":[{"id":"491531a0-74e9-496c-9b94-0013495448f7","version":2,"asset_type":"notebook","name":"attachment for notebook b5244c71-01aa-4e32-9b03-b2d438dd5713","description":"attachment for notebook b5244c71-01aa-4e32-9b03-b2d438dd5713","mime":"application/json","object_key":"notebook/m1-u6-case-study-solution_PYvP0C2as.ipynb","create_time":1566830148972,"size":14415,"is_remote":false,"is_managed":false,"is_referenced":true,"is_object_key_read_only":false,"is_user_provided_path_key":true,"transfer_complete":true,"is_partitioned":false,"complete_time_ticks":1566830148972,"user_data":{},"test_doc":0,"handle":{"bucket":"aienterpriseworkflowmodule1casest-donotdelete-pr-qwt6qhnjsctfni","location":"us-geo","key":"notebook/m1-u6-case-study-solution_PYvP0C2as.ipynb","upload_id":"done","max_part_num":1},"usage":{"access_count":0,"last_accessor_id":"IBMid-270007ESMR","last_access_time":1566830148972}}]}
